"Name","hidden_layers","optimizer","batch_size","learning_rate","epochs","activation_function","train_loss","train_accuracy","val_loss","val_accuracy","precision","recall","f1_score","method","metric.goal","metric.name","parameters.activation_functions","parameters.batch_sizes","parameters.epochss","parameters.hidden_layerss","parameters.learning_rates","parameters.optimizers"
"major-sweep-8","[64,16]","batch-gd","32","0.01","2500","linear","0.955793263394992","0.6105032822757112","0.846276354649642","0.6052631578947368","0.015625470193494025","0.016261740873814944","0.015625470193494025","","","","","","","","",""
"earthy-sweep-7","[64,16]","batch-gd","32","0.008","2500","linear","0.9468130759146137","0.6181619256017505","0.8494621260782931","0.6403508771929824","0.015075343805482831","0.01695906432748538","0.015075343805482831","","","","","","","","",""
"comic-sweep-6","[64,16]","batch-gd","32","0.01","2500","sigmoid","1.2027095461365267","0.42560175054704596","1.0509154510053913","0.45614035087719296","0.008606421714664018","0.004184773861258651","0.008606421714664018","","","","","","","","",""
"flowing-sweep-5","[64,16]","batch-gd","32","0.008","2500","sigmoid","1.20191846328767","0.4814004376367615","1.0512407420358398","0.5175438596491229","0.009937382765088822","0.008958566629339308","0.009937382765088822","","","","","","","","",""
"effortless-sweep-4","[64,16]","batch-gd","32","0.01","2500","relu","0.9774662538865978","0.611597374179431","0.8850059428087659","0.5350877192982456","0.011721923806084679","0.012810672514619884","0.011721923806084679","","","","","","","","",""
"toasty-sweep-3","[64,16]","batch-gd","32","0.008","2500","relu","1.0195920313282907","0.5962800875273523","0.906817135421141","0.5526315789473685","0.010840781198278715","0.009555921052631578","0.010840781198278715","","","","","","","","",""
"giddy-sweep-2","[64,16]","batch-gd","32","0.01","2500","tanh","0.956621213789441","0.6181619256017505","0.8398391370878178","0.6052631578947368","0.013746890453692838","0.01698530514319988","0.013746890453692838","","","","","","","","",""
"worldly-sweep-1","[64,16]","batch-gd","32","0.008","2500","tanh","0.9668552277126368","0.6148796498905909","0.8848173281414731","0.5614035087719298","0.013482328247720504","0.01411732456140351","0.013482328247720504","","","","","","","","",""