"Name","optimizer","f1_score","precision","recall","train_accuracy","train_loss","val_accuracy","val_loss","activation_function","batch_size","epochs","hidden_layers","learning_rate","method","metric.goal","metric.name","parameters.activation_functions","parameters.batch_sizes","parameters.epochss","parameters.hidden_layerss","parameters.learning_rates","parameters.optimizers"
"easy-sweep-8","sgd","0.01499362441190696","0.01499362441190696","0.014362419961524103","0.6203501094091903","0.9016018011013528","0.5964912280701754","0.9562332887620012","linear","32","150","[64,16]","0.01","","","","","","","","",""
"fine-sweep-7","sgd","0.01499362441190696","0.01499362441190696","0.014362419961524103","0.6214442013129103","0.9002615902366435","0.5964912280701754","0.9601179283559977","linear","32","150","[64,16]","0.008","","","","","","","","",""
"autumn-sweep-6","sgd","0.014531943894824782","0.014531943894824782","0.014054437564499483","0.6105032822757112","0.9337386969464733","0.5701754385964912","0.931438717898339","sigmoid","32","150","[64,16]","0.01","","","","","","","","",""
"elated-sweep-5","sgd","0.015070571164753991","0.015070571164753991","0.014791617051678972","0.6214442013129103","0.9397787907137695","0.5964912280701754","0.9286602812833498","sigmoid","32","150","[64,16]","0.008","","","","","","","","",""
"ethereal-sweep-4","sgd","0.015389350569405972","0.015389350569405972","0.015044754744002863","0.7155361050328227","0.6804066214827176","0.5877192982456141","1.0074619397998226","relu","32","150","[64,16]","0.01","","","","","","","","",""
"faithful-sweep-3","sgd","0.015004616805170823","0.015004616805170823","0.014389042782394583","0.7111597374179431","0.6939159427507237","0.5877192982456141","1.0461482950844398","relu","32","150","[64,16]","0.008","","","","","","","","",""
"clean-sweep-2","sgd","0.015389350569405972","0.015389350569405972","0.014807458898819376","0.650984682713348","0.7983442664990034","0.5964912280701754","1.0429415766612762","tanh","32","150","[64,16]","0.01","","","","","","","","",""
"wild-sweep-1","sgd","0.01515851031086488","0.01515851031086488","0.014310620597103025","0.6663019693654267","0.7893075557330463","0.5877192982456141","1.031452475807303","tanh","32","150","[64,16]","0.008","","","","","","","","",""